{
  "0.02": 3729.3674000000005,
  "0.04": 4110.8652,
  "0.08": 4519.7088,
  "0.16": 5018.2844000000005,
  "0.32": 5702.488400000001
}