{
  "0.020000": 3795.2,
  "0.040000": 4100.53,
  "0.080000": 4461.11,
  "0.160000": 4921.77,
  "0.320000": 5568.07
}