{
  "0.02": 461.0832004790198,
  "0.04": 695.7504418142706,
  "0.08": 1121.1324424150032,
  "0.16": 1691.996166413396,
  "0.32": 2431.299268636304
}