{
  "0.020000": 416.347785694079,
  "0.040000": 613.9735967091374,
  "0.080000": 939.3057351800297,
  "0.160000": 1417.1202970738966,
  "0.320000": 2071.063598346308
}