{
  "0.02": 2695.0682,
  "0.04": 3181.7376,
  "0.08": 3788.967199999999,
  "0.16": 4559.718000000001,
  "0.32": 5542.1736
}