{
  "0.02": 2670.173,
  "0.04": 3159.6535999999996,
  "0.08": 3773.0824000000007,
  "0.16": 4548.426,
  "0.32": 5533.104000000001
}