{
  "0.020000": 2750.54,
  "0.040000": 3272.04,
  "0.080000": 3893.34,
  "0.160000": 4663.82,
  "0.320000": 5666.8
}