{
  "0.020000": 7.13,
  "0.040000": 7.56,
  "0.080000": 8.02,
  "0.160000": 8.58,
  "0.320000": 9.27
}