{
  "0.02": 3763.105712890625,
  "0.04": 4106.09619140625,
  "0.08": 4484.69140625,
  "0.16": 4946.69384765625,
  "0.32": 5591.9306640625
}