{
  "0.02": 3763.1054000000004,
  "0.04": 4106.0960000000005,
  "0.08": 4484.691599999999,
  "0.16": 4946.6939999999995,
  "0.32": 5591.930800000001
}