{
  "0.02": 408.8234597448637,
  "0.04": 625.3605353663233,
  "0.08": 957.9971391329823,
  "0.16": 1431.5649209522367,
  "0.32": 2069.025720764374
}