{
  "0.02": 2740.211799999999,
  "0.04": 3243.5771999999997,
  "0.08": 3863.8751999999995,
  "0.16": 4638.709599999999,
  "0.32": 5640.4004
}