{
  "0.02": 31.334346366611985,
  "0.04": 51.12568067389136,
  "0.08": 79.6664845375969,
  "0.16": 120.04347204093241,
  "0.32": 188.42268425436058
}